Version,Average_ns,Median_ns,Min_ns,Max_ns,P95_ns,P99_ns,Speedup,Stack_Bytes,RSS_Before_KB,RSS_After_KB,Peak_RSS_KB,Iterations,Correctness,Discrepancies
Original,56.1056,49,33,2.21045e+06,71,112,1,120,4691232,10157996,10752592,1000000000,PASS,0
V1_EarlyReturn,56.0836,51,39,1.11401e+06,71,92,1.00039,120,4690968,11064836,11182184,1000000000,PASS,0
V2_BitOps,44.7856,41,34,958898,56,73,1.25276,120,4682008,11951688,12078852,1000000000,PASS,0
V3_Precalculation,44.9212,40,31,971052,58,109,1.24898,120,4599092,11933692,12137252,1000000000,PASS,0
