Версия,Среднее_нс,Медиана_нс,Мин_нс,Макс_нс,P95_нс,P99_нс,Ускорение,Стек_Байты,RSS_До_КБ,RSS_После_КБ,Пиковый_RSS_КБ,Итерации,Корректность,Расхождения
Original,58.8639,57,23,5.48736e+06,78,98,1,120,4691156,10962116,11322816,1000000000,PASS,0
V1_EarlyReturn,39.5844,36,29,1.5255e+06,51,68,1.48705,120,4641872,11792964,11954016,1000000000,PASS,0
V2_BitOps,36.2545,33,27,3.6297e+06,47,64,1.62363,120,4655344,12049140,12181804,1000000000,PASS,0
V3_Precalculation,41.3935,37,25,869479,61,105,1.42206,120,4647232,10395864,12181804,1000000000,PASS,0
