Version,Average_ns,Median_ns,Min_ns,Max_ns,P95_ns,P99_ns,Speedup,Stack_Bytes,RSS_Before_KB,RSS_After_KB,Peak_RSS_KB,Iterations,Correctness,Discrepancies
Original,58.8639,57,23,5.48736e+06,78,98,1,120,4691156,10962116,11322816,1000000000,PASS,0
V1_EarlyReturn,39.5844,36,29,1.5255e+06,51,68,1.48705,120,4641872,11792964,11954016,1000000000,PASS,0
V2_BitOps,36.2545,33,27,3.6297e+06,47,64,1.62363,120,4655344,12049140,12181804,1000000000,PASS,0
V3_Precalculation,41.3935,37,25,869479,61,105,1.42206,120,4647232,10395864,12181804,1000000000,PASS,0
