Version,Average_ns,Median_ns,Min_ns,Max_ns,P95_ns,P99_ns,Speedup,Stack_Bytes,RSS_Before_KB,RSS_After_KB,Peak_RSS_KB,Iterations,Correctness,Discrepancies
Original,33.353,0,0,4.4339e+06,100,200,1,100,3909348,11232548,11232548,1000000000,PASS,0
V1_EarlyReturn,34.8334,0,0,2.0818e+06,100,100,0.9575,100,3906576,10917560,11362220,1000000000,PASS,0
V2_BitOps,30.6655,0,0,598500,100,100,1.08764,100,3906348,10894788,11652516,1000000000,PASS,0
V3_Precalculation,32.0737,0,0,1.9603e+06,100,100,1.03989,100,3533688,11531828,11652516,1000000000,PASS,0
