Version,Average_ns,Median_ns,Min_ns,Max_ns,P95_ns,P99_ns,Speedup,Stack_Bytes,RSS_Before_KB,RSS_After_KB,Peak_RSS_KB,Iterations,Correctness,Discrepancies
Original,37.6632,0,0,8.3713e+06,100,100,1,100,878720,10804524,10804524,1000000000,PASS,0
V1_EarlyReturn,31.8907,0,0,1.6207e+06,100,100,1.18101,100,3849744,10599612,11232444,1000000000,PASS,0
V2_BitOps,29.4886,0,0,1.1299e+06,100,100,1.27721,100,3906676,11464048,11719128,1000000000,PASS,0
V3_Precalculation,29.7945,0,0,1.8329e+06,100,100,1.2641,100,3906748,10961332,11719188,1000000000,PASS,0
