Version,Average_ns,Median_ns,Min_ns,Max_ns,P95_ns,P99_ns,Speedup,Stack_Bytes,RSS_Before_KB,RSS_After_KB,Peak_RSS_KB,Iterations,Correctness,Discrepancies
Original,12.3417,11.9,8.4,3092.7,15.6,22.4,1,100,82132,89960,160260,1000000,PASS,0
V1_EarlyReturn,17.5042,17.1,12.2,1813.1,20.9,30.1,0.705072,100,82144,89960,160260,1000000,PASS,0
V2_BitOps,12.1706,11.5,7.9,877.5,16,27.1,1.01406,100,82144,89960,160260,1000000,PASS,0
V3_Precalculation,13.6653,13.3,9.4,539.7,16.4,20.5,0.90314,100,82144,89960,160260,1000000,PASS,0
