Версия,Среднее_нс,Медиана_нс,Мин_нс,Макс_нс,P95_нс,P99_нс,Ускорение,Стек_Байты,RSS_До_КБ,RSS_После_КБ,Пиковый_RSS_КБ,Итерации,Корректность,Расхождения
Original,19.885,19,13.8,4740.9,25.1,32.5,1,100,81916,89740,160036,1000000,PASS,0
V1_EarlyReturn,14.2531,13.4,9.4,1534.6,19.3,26.9,1.39514,100,81924,89692,160036,1000000,PASS,0
V2_BitOps_,14.3915,13.5,8.9,3246.7,20.3,28.3,1.38172,100,81876,89692,160036,1000000,PASS,0
V4_Precalculation,15.5185,14.9,10.2,2823.1,19.7,27.9,1.28137,100,81876,89692,160036,1000000,PASS,0
